{"cameraMode":{"drawMode":0,"name":"Shaded","section":"Shading Mode"},"sceneLighting":true,"audioPlay":false,"sceneViewState":{"m_AlwaysRefresh":false,"showFog":true,"showSkybox":true,"showFlares":true,"showImageEffects":true,"showParticleSystems":true,"showVisualEffectGraphs":true,"m_FxEnabled":true},"in2DMode":false,"pivot":{"x":23.274703979492189,"y":52.2093505859375,"z":516.9261474609375},"rotation":{"x":-0.017378760501742364,"y":0.314607709646225,"z":-0.005760583095252514,"w":-0.9490498900413513},"size":408.37664794921877,"orthographic":true}