{"cameraMode":{"drawMode":0,"name":"Shaded","section":"Shading Mode"},"sceneLighting":true,"audioPlay":false,"sceneViewState":{"m_AlwaysRefresh":false,"showFog":true,"showSkybox":true,"showFlares":true,"showImageEffects":true,"showParticleSystems":true,"showVisualEffectGraphs":true,"m_FxEnabled":true},"in2DMode":false,"pivot":{"x":68.98176574707031,"y":30.25531768798828,"z":565.5697021484375},"rotation":{"x":-0.014695458114147187,"y":0.28025946021080019,"z":-0.0042905607260763649,"w":-0.9598066806793213},"size":342.64691162109377,"orthographic":true}